{"flutter":{"platforms":{"android":{"default":{"projectId":"foodies-3c1d9","appId":"1:275231286183:android:6f23db61420e7c199d0c82","fileOutput":"android/app/google-services.json"}},"ios":{"default":{"projectId":"foodies-3c1d9","appId":"1:275231286183:ios:39a78805eb3ac3369d0c82","uploadDebugSymbols":false,"fileOutput":"ios/Runner/GoogleService-Info.plist"}},"dart":{"lib/firebase_options.dart":{"projectId":"foodies-3c1d9","configurations":{"android":"1:275231286183:android:6f23db61420e7c199d0c82","ios":"1:275231286183:ios:39a78805eb3ac3369d0c82"}}}}}}